file,category,description,quest,version,original_file_date,wayback_capture,original_url,wayback_url,source_page,bytes,sha1,note,previous_file
December-23-2005-free-firemake2-runescape.com.jpg,official game: published by Jagex,RS2 client screenshot from a 2004-05 fansite page (www.runescape.com:80); found by the 2001-2005 fansite re-screen,,,2005-12-23,20051230084821,http://www.runescape.com:80/img/screenshots/thumbs/free_firemake2.jpg,https://web.archive.org/web/20051230084821/http://www.runescape.com:80/img/screenshots/thumbs/free_firemake2.jpg,,15179,3986b05e036499504d4c2b8cc00a0fdbe981aba1,Classified as official game: published by Jagex: Official screenshot from the runescape.com screenshot gallery.,
December-23-2005-herblore-poison-runescape.com.jpg,official game: published by Jagex,RS2 client screenshot from a 2004-05 fansite page (www.runescape.com:80); found by the 2001-2005 fansite re-screen,,,2005-12-23,20051230105400,http://www.runescape.com:80/img/rs2/manual/herblore/herblore_poison.jpg,https://web.archive.org/web/20051230105400/http://www.runescape.com:80/img/rs2/manual/herblore/herblore_poison.jpg,,129751,292aa35bb0f3d603b9461b44c848093c38554428,Classified as official game: published by Jagex: Official screenshot from the runescape.com screenshot gallery.,
December-28-2005-rd3-img442.imageshack.us.jpg,official game: published by Jagex,"runescape.com 'Choose best members world' button. Posted in the forum thread ""Red Dragons Hunting Guide - Runescape Community"".",,,2005-12-28,20130112025724,http://img442.imageshack.us/img442/7316/rd31qh.jpg,https://web.archive.org/web/20130112025724/http://img442.imageshack.us/img442/7316/rd31qh.jpg,https://web.archive.org/web/20060519004948/http://www.runescapecommunity.com/index.php?showtopic=455802,10355,f3cac56c6bbbd0372b2a70a7b3fdf454ddc448a9,,
December-6-2004-v0tuntitled-img112.exs.cx.png,official game: published by Jagex,"Jagex quest information page (Monkey Madness credits). Posted in the forum thread ""Runescape Community -> Monkey Madness"".",,,2004-12-06,20041206144610,http://img112.exs.cx/img112/4711/v0tuntitled.png,https://web.archive.org/web/20041206144610/http://img112.exs.cx/img112/4711/v0tuntitled.png,https://web.archive.org/web/20041214165556/http://www.runescapecommunity.com:80/index.php?showtopic=222711,20908,a98cccaf040b1922c7a9e1381e6722887df42bdf,,
February-15-2005-jagex-img53.exs.cx.jpg,official game: published by Jagex,Jagex Customer Support e-mail reply (Mod Chris E) posted on a fansite forum.,,,2005-02-15,20051016110154,http://img53.exs.cx:80/img53/7660/jagex1yz.jpg,https://web.archive.org/web/20051016110154/http://img53.exs.cx:80/img53/7660/jagex1yz.jpg,,44965,de5eb2e701fcf140509b81644de8600b795b095a,,
February-23-2005-free-darkwizardcircle-runescape.com.jpg,official game: published by Jagex,RS2 client screenshot from a 2004-05 fansite page (www.runescape.com:80); found by the 2001-2005 fansite re-screen,,,2005-02-23,20050302195301,http://www.runescape.com:80/img/screenshots/thumbs/free_darkwizardcircle.jpg,https://web.archive.org/web/20050302195301/http://www.runescape.com:80/img/screenshots/thumbs/free_darkwizardcircle.jpg,,15305,91ac096a3895456694408a016eafec243aa7b394,Classified as official game: published by Jagex: Official screenshot from the runescape.com screenshot gallery.,
February-23-2005-free-faladorcastle-runescape.com.jpg,official game: published by Jagex,RS2 client screenshot from a 2004-05 fansite page (www.runescape.com:80); found by the 2001-2005 fansite re-screen,,,2005-02-23,20050302200755,http://www.runescape.com:80/img/screenshots/thumbs/free_faladorcastle.jpg,https://web.archive.org/web/20050302200755/http://www.runescape.com:80/img/screenshots/thumbs/free_faladorcastle.jpg,,16529,f909146888591b2fec337cc46b676321cd855d5c,Classified as official game: published by Jagex: Official screenshot from the runescape.com screenshot gallery.,
February-23-2005-free-lumbridge-bridge-runescape.com.jpg,official game: published by Jagex,RS2 client screenshot from a 2004-05 fansite page (www.runescape.com:80); found by the 2001-2005 fansite re-screen,,,2005-02-23,20050302204515,http://www.runescape.com:80/img/screenshots/thumbs/free_lumbridge_bridge.jpg,https://web.archive.org/web/20050302204515/http://www.runescape.com:80/img/screenshots/thumbs/free_lumbridge_bridge.jpg,,17603,4230fdc8a222a71bd220c5c405b0440870ea53f6,Classified as official game: published by Jagex: Official screenshot from the runescape.com screenshot gallery.,
February-23-2005-free-lumbridge-map2-runescape.com.jpg,official game: published by Jagex,RS2 client screenshot from a 2004-05 fansite page (www.runescape.com:80); found by the 2001-2005 fansite re-screen,,,2005-02-23,20050302211517,http://www.runescape.com:80/img/screenshots/thumbs/free_lumbridge_map2.jpg,https://web.archive.org/web/20050302211517/http://www.runescape.com:80/img/screenshots/thumbs/free_lumbridge_map2.jpg,,9998,1b21615b6f9a4c8d3c76bff27ad5f0f7518c3569,Classified as official game: published by Jagex: Official screenshot from the runescape.com screenshot gallery.,
February-23-2005-free-lumbridgesmelting-runescape.com.jpg,official game: published by Jagex,RS2 client screenshot from a 2004-05 fansite page (www.runescape.com:80); found by the 2001-2005 fansite re-screen,,,2005-02-23,20050302212343,http://www.runescape.com:80/img/screenshots/thumbs/free_lumbridgesmelting.jpg,https://web.archive.org/web/20050302212343/http://www.runescape.com:80/img/screenshots/thumbs/free_lumbridgesmelting.jpg,,15870,97e6472d1dfb130544b8c8de89635a8576d5ec09,Classified as official game: published by Jagex: Official screenshot from the runescape.com screenshot gallery.,
February-23-2005-free-lumbridgeswamp-runescape.com.jpg,official game: published by Jagex,RS2 client screenshot from a 2004-05 fansite page (www.runescape.com:80); found by the 2001-2005 fansite re-screen,,,2005-02-23,20050302214950,http://www.runescape.com:80/img/screenshots/thumbs/free_lumbridgeswamp.jpg,https://web.archive.org/web/20050302214950/http://www.runescape.com:80/img/screenshots/thumbs/free_lumbridgeswamp.jpg,,13669,3834796e027450ae6dc3a405982b8fbd641cee3e,Classified as official game: published by Jagex: Official screenshot from the runescape.com screenshot gallery.,
February-23-2005-free-newbieisland1-runescape.com.jpg,official game: published by Jagex,RS2 client screenshot from a 2004-05 fansite page (www.runescape.com:80); found by the 2001-2005 fansite re-screen,,,2005-02-23,20050302222649,http://www.runescape.com:80/img/screenshots/thumbs/free_newbieisland1.jpg,https://web.archive.org/web/20050302222649/http://www.runescape.com:80/img/screenshots/thumbs/free_newbieisland1.jpg,,15291,42a210fbcd7956f599da99edc5a136c7038a7c5b,Classified as official game: published by Jagex: Official screenshot from the runescape.com screenshot gallery.,
February-23-2005-free-newbieisland10-runescape.com.jpg,official game: published by Jagex,RS2 client screenshot from a 2004-05 fansite page (www.runescape.com:80); found by the 2001-2005 fansite re-screen,,,2005-02-23,20050302224322,http://www.runescape.com:80/img/screenshots/thumbs/free_newbieisland10.jpg,https://web.archive.org/web/20050302224322/http://www.runescape.com:80/img/screenshots/thumbs/free_newbieisland10.jpg,,16816,b5a999c20752c36fc6dcfe2d2c56b640b9b0a52c,Classified as official game: published by Jagex: Official screenshot from the runescape.com screenshot gallery.,
February-23-2005-free-newbieisland2-runescape.com.jpg,official game: published by Jagex,RS2 client screenshot from a 2004-05 fansite page (www.runescape.com:80); found by the 2001-2005 fansite re-screen,,,2005-02-23,20050302231024,http://www.runescape.com:80/img/screenshots/thumbs/free_newbieisland2.jpg,https://web.archive.org/web/20050302231024/http://www.runescape.com:80/img/screenshots/thumbs/free_newbieisland2.jpg,,14256,f35684dbe778a7383e635b4fdd8fc9ad39f81179,Classified as official game: published by Jagex: Official screenshot from the runescape.com screenshot gallery.,
February-23-2005-free-zombiegraveyard-runescape.com.jpg,official game: published by Jagex,RS2 client screenshot from a 2004-05 fansite page (www.runescape.com:80); found by the 2001-2005 fansite re-screen,,,2005-02-23,20050302190853,http://www.runescape.com:80/img/screenshots/thumbs/free_zombiegraveyard.jpg,https://web.archive.org/web/20050302190853/http://www.runescape.com:80/img/screenshots/thumbs/free_zombiegraveyard.jpg,,14470,6a11586821f8aaab39e38f783f08b826fc281c4e,Classified as official game: published by Jagex: Official screenshot from the runescape.com screenshot gallery.,
February-23-2005-members-duelarena-runescape.com.jpg,official game: published by Jagex,RS2 client screenshot from a 2004-05 fansite page (www.runescape.com:80); found by the 2001-2005 fansite re-screen,,,2005-02-23,20050302192531,http://www.runescape.com:80/img/screenshots/thumbs/members_duelarena.jpg,https://web.archive.org/web/20050302192531/http://www.runescape.com:80/img/screenshots/thumbs/members_duelarena.jpg,,13636,04c635e5ae7b0c3f827261b5ac13e807d3bddda5,Classified as official game: published by Jagex: Official screenshot from the runescape.com screenshot gallery.,
February-23-2005-members-dwarftunnel-runescape.com.jpg,official game: published by Jagex,RS2 client screenshot from a 2004-05 fansite page (www.runescape.com:80); found by the 2001-2005 fansite re-screen,,,2005-02-23,20050302195217,http://www.runescape.com:80/img/screenshots/thumbs/members_dwarftunnel.jpg,https://web.archive.org/web/20050302195217/http://www.runescape.com:80/img/screenshots/thumbs/members_dwarftunnel.jpg,,13964,839b31473b2690ffea7b42e46b42c2f7e01185c7,Classified as official game: published by Jagex: Official screenshot from the runescape.com screenshot gallery.,
February-23-2005-members-elementalworkshop-runescape.com.jpg,official game: published by Jagex,RS2 client screenshot from a 2004-05 fansite page (www.runescape.com:80); found by the 2001-2005 fansite re-screen,,,2005-02-23,20050302201713,http://www.runescape.com:80/img/screenshots/thumbs/members_elementalworkshop.jpg,https://web.archive.org/web/20050302201713/http://www.runescape.com:80/img/screenshots/thumbs/members_elementalworkshop.jpg,,15396,9ea8c45ae34a34f1b5e76870636f9a2283196aeb,Classified as official game: published by Jagex: Official screenshot from the runescape.com screenshot gallery.,
February-23-2005-members-entrana-organ-runescape.com.jpg,official game: published by Jagex,RS2 client screenshot from a 2004-05 fansite page (www.runescape.com:80); found by the 2001-2005 fansite re-screen,,,2005-02-23,20050302205326,http://www.runescape.com:80/img/screenshots/thumbs/members_entrana_organ.jpg,https://web.archive.org/web/20050302205326/http://www.runescape.com:80/img/screenshots/thumbs/members_entrana_organ.jpg,,16894,4944f20d3a695e1d431032951c1ae63c26bf1413,Classified as official game: published by Jagex: Official screenshot from the runescape.com screenshot gallery.,
February-23-2005-members-fishing-guild-runescape.com.jpg,official game: published by Jagex,RS2 client screenshot from a 2004-05 fansite page (www.runescape.com:80); found by the 2001-2005 fansite re-screen,,,2005-02-23,20050302210813,http://www.runescape.com:80/img/screenshots/thumbs/members_fishing_guild.jpg,https://web.archive.org/web/20050302210813/http://www.runescape.com:80/img/screenshots/thumbs/members_fishing_guild.jpg,,15334,00bb163b0b8b0155598b3bc5fe89c0568ed459b6,Classified as official game: published by Jagex: Official screenshot from the runescape.com screenshot gallery.,
February-23-2005-members-gnomeagility-runescape.com.jpg,official game: published by Jagex,RS2 client screenshot from a 2004-05 fansite page (www.runescape.com:80); found by the 2001-2005 fansite re-screen,,,2005-02-23,20050302213627,http://www.runescape.com:80/img/screenshots/thumbs/members_gnomeagility.jpg,https://web.archive.org/web/20050302213627/http://www.runescape.com:80/img/screenshots/thumbs/members_gnomeagility.jpg,,15265,a206e477b2e751b69c70e38bbb60439003516e00,Classified as official game: published by Jagex: Official screenshot from the runescape.com screenshot gallery.,
February-23-2005-members-grandtreeglider-runescape.com.jpg,official game: published by Jagex,RS2 client screenshot from a 2004-05 fansite page (www.runescape.com:80); found by the 2001-2005 fansite re-screen,,,2005-02-23,20050302214906,http://www.runescape.com:80/img/screenshots/thumbs/members_grandtreeglider.jpg,https://web.archive.org/web/20050302214906/http://www.runescape.com:80/img/screenshots/thumbs/members_grandtreeglider.jpg,,16284,d19c7ec484182138c44e252559c2996d44aff898,Classified as official game: published by Jagex: Official screenshot from the runescape.com screenshot gallery.,
February-23-2005-members-karamjajungle-runescape.com.jpg,official game: published by Jagex,RS2 client screenshot from a 2004-05 fansite page (www.runescape.com:80); found by the 2001-2005 fansite re-screen,,,2005-02-23,20050302223337,http://www.runescape.com:80/img/screenshots/thumbs/members_karamjajungle.jpg,https://web.archive.org/web/20050302223337/http://www.runescape.com:80/img/screenshots/thumbs/members_karamjajungle.jpg,,16930,1eff5f464bec5c6578fd8e5653d94c23cc8ff5b0,Classified as official game: published by Jagex: Official screenshot from the runescape.com screenshot gallery.,
February-23-2005-members-legendsquest-runescape.com.jpg,official game: published by Jagex,RS2 client screenshot from a 2004-05 fansite page (www.runescape.com:80); found by the 2001-2005 fansite re-screen,,,2005-02-23,20050302223628,http://www.runescape.com:80/img/screenshots/thumbs/members_legendsquest.jpg,https://web.archive.org/web/20050302223628/http://www.runescape.com:80/img/screenshots/thumbs/members_legendsquest.jpg,,16010,28c736fd843b936c9fb6f6eb585d412e60d720b3,Classified as official game: published by Jagex: Official screenshot from the runescape.com screenshot gallery.,
February-23-2005-members-mageguild2-runescape.com.jpg,official game: published by Jagex,RS2 client screenshot from a 2004-05 fansite page (www.runescape.com:80); found by the 2001-2005 fansite re-screen,,,2005-02-23,20050302231157,http://www.runescape.com:80/img/screenshots/thumbs/members_mageguild2.jpg,https://web.archive.org/web/20050302231157/http://www.runescape.com:80/img/screenshots/thumbs/members_mageguild2.jpg,,14514,c472a0e2cd20151db51f2891c1bcec4d3fce0283,Classified as official game: published by Jagex: Official screenshot from the runescape.com screenshot gallery.,
February-23-2005-members-sorcerortower-runescape.com.jpg,official game: published by Jagex,RS2 client screenshot from a 2004-05 fansite page (www.runescape.com:80); found by the 2001-2005 fansite re-screen,,,2005-02-23,20050302190044,http://www.runescape.com:80/img/screenshots/thumbs/members_sorcerortower.jpg,https://web.archive.org/web/20050302190044/http://www.runescape.com:80/img/screenshots/thumbs/members_sorcerortower.jpg,,15034,8357e1d6003d327854b8da49ce67f58ddf0d3f35,Classified as official game: published by Jagex: Official screenshot from the runescape.com screenshot gallery.,
February-23-2005-members-trainingground2-runescape.com.jpg,official game: published by Jagex,RS2 client screenshot from a 2004-05 fansite page (www.runescape.com:80); found by the 2001-2005 fansite re-screen,,,2005-02-23,20050302192414,http://www.runescape.com:80/img/screenshots/thumbs/members_trainingground2.jpg,https://web.archive.org/web/20050302192414/http://www.runescape.com:80/img/screenshots/thumbs/members_trainingground2.jpg,,15828,f9070bc004006dbf301c8301d01a8d70b1ef10cf,Classified as official game: published by Jagex: Official screenshot from the runescape.com screenshot gallery.,
February-23-2005-members-waterfallrapids-runescape.com.jpg,official game: published by Jagex,RS2 client screenshot from a 2004-05 fansite page (www.runescape.com:80); found by the 2001-2005 fansite re-screen,,,2005-02-23,20050302195518,http://www.runescape.com:80/img/screenshots/thumbs/members_waterfallrapids.jpg,https://web.archive.org/web/20050302195518/http://www.runescape.com:80/img/screenshots/thumbs/members_waterfallrapids.jpg,,15100,abfb7c311421cb861f1ad84501e44e5cdb68ad75,Classified as official game: published by Jagex: Official screenshot from the runescape.com screenshot gallery.,
February-23-2005-members-werewolves-runescape.com.jpg,official game: published by Jagex,RS2 client screenshot from a 2004-05 fansite page (www.runescape.com:80); found by the 2001-2005 fansite re-screen,,,2005-02-23,20050302202923,http://www.runescape.com:80/img/screenshots/thumbs/members_werewolves.jpg,https://web.archive.org/web/20050302202923/http://www.runescape.com:80/img/screenshots/thumbs/members_werewolves.jpg,,14895,b23c6a63d0296f9d616abb61e8bc0793e6508f23,Classified as official game: published by Jagex: Official screenshot from the runescape.com screenshot gallery.,
February-23-2005-members-wildyagility-runescape.com.jpg,official game: published by Jagex,RS2 client screenshot from a 2004-05 fansite page (www.runescape.com:80); found by the 2001-2005 fansite re-screen,,,2005-02-23,20050302203441,http://www.runescape.com:80/img/screenshots/thumbs/members_wildyagility.jpg,https://web.archive.org/web/20050302203441/http://www.runescape.com:80/img/screenshots/thumbs/members_wildyagility.jpg,,13940,ac6779063f3d5aef7157c6f1c01d2222c891ce17,Classified as official game: published by Jagex: Official screenshot from the runescape.com screenshot gallery.,
February-24-2005-free-newbieisland5-runescape.com.jpg,official game: published by Jagex,RS2 client screenshot from a 2004-05 fansite page (www.runescape.com:80); found by the 2001-2005 fansite re-screen,,,2005-02-24,20050302233807,http://www.runescape.com:80/img/screenshots/thumbs/free_newbieisland5.jpg,https://web.archive.org/web/20050302233807/http://www.runescape.com:80/img/screenshots/thumbs/free_newbieisland5.jpg,,14880,3db97cf4080fa9f58210b9852087bdbdac566ee0,Classified as official game: published by Jagex: Official screenshot from the runescape.com screenshot gallery.,
February-26-2005-free-alkharid-runescape.com.jpg,official game: published by Jagex,RS2 client screenshot from a 2004-05 fansite page (www.runescape.com:80); found by the 2001-2005 fansite re-screen,,,2005-02-26,20050305074059,http://www.runescape.com:80/img/screenshots/shots/free_alkharid.jpg,https://web.archive.org/web/20050305074059/http://www.runescape.com:80/img/screenshots/shots/free_alkharid.jpg,,89965,e899e3dc79daa6eaaa4485e7cd219458b3d983e2,Classified as official game: published by Jagex: Official screenshot from the runescape.com screenshot gallery.,
February-26-2005-free-draynor-runescape.com.jpg,official game: published by Jagex,RS2 client screenshot from a 2004-05 fansite page (www.runescape.com:80); found by the 2001-2005 fansite re-screen,,,2005-02-26,20050305072429,http://www.runescape.com:80/img/screenshots/thumbs/free_draynor.jpg,https://web.archive.org/web/20050305072429/http://www.runescape.com:80/img/screenshots/thumbs/free_draynor.jpg,,14218,23c7d56196c968e70132886320f53b596754430b,Classified as official game: published by Jagex: Official screenshot from the runescape.com screenshot gallery.,
January-22-2005-runescape-img76.exs.cx.gif,official game: published by Jagex,"Official RuneScape logo, re-uploaded on a magenta background.",,,2005-01-22,20061221230450,http://img76.exs.cx:80/img76/8821/runescape7xq.gif,https://web.archive.org/web/20061221230450/http://img76.exs.cx:80/img76/8821/runescape7xq.gif,,14780,32f7d4d807ce6a7450bd2a47c0777847c5bb8467,,
July-23-2006-proofofokness-i60.photobucket.com.png,official game: published by Jagex,"Jagex message from the RuneScape website message centre. Posted in the forum thread """"The Rest"" Compilation - Runescape Community"".",,,2006-07-23,20180124092600,http://i60.photobucket.com/albums/h32/mcribben/proofofokness.png,https://web.archive.org/web/20180124092600/http://i60.photobucket.com/albums/h32/mcribben/proofofokness.png,https://web.archive.org/web/20061030114144/http://www.runescapecommunity.com/index.php?showtopic=413649,66895,7bd92d0b4332f66b576860524a36a1ae6ae2a1f6,,
June-28-2006-worldselect-i60.photobucket.com.png,official game: published by Jagex,"runescape.com world-select page capture. Posted in the forum thread """"The Rest"" Compilation - Runescape Community"".",,,2006-06-28,20180124092556,http://i60.photobucket.com/albums/h32/mcribben/worldselect.png,https://web.archive.org/web/20180124092556/http://i60.photobucket.com/albums/h32/mcribben/worldselect.png,https://web.archive.org/web/20061030114144/http://www.runescapecommunity.com/index.php?showtopic=413649,31432,b357521365b8c6beb333bb9fb0bff874ebb60c14,,
November-12-2005-free-darkwizardcircle-runescape.com.jpg,official game: published by Jagex,RS2 client screenshot from a 2004-05 fansite page (www.runescape.com:80); found by the 2001-2005 fansite re-screen,,,2005-11-12,20051119204505,http://www.runescape.com:80/img/screenshots/shots/free_darkwizardcircle.jpg,https://web.archive.org/web/20051119204505/http://www.runescape.com:80/img/screenshots/shots/free_darkwizardcircle.jpg,,76583,7d2a788f97bf14d43efad637c3a670c4e20fe993,Classified as official game: published by Jagex: Official screenshot from the runescape.com screenshot gallery.,
November-12-2005-free-firemake2-runescape.com.jpg,official game: published by Jagex,RS2 client screenshot from a 2004-05 fansite page (www.runescape.com:80); found by the 2001-2005 fansite re-screen,,,2005-11-12,20051119212045,http://www.runescape.com:80/img/screenshots/shots/free_firemake2.jpg,https://web.archive.org/web/20051119212045/http://www.runescape.com:80/img/screenshots/shots/free_firemake2.jpg,,80122,363b96722e4e750d4ef2d25c23a5eb5e379be5ba,Classified as official game: published by Jagex: Official screenshot from the runescape.com screenshot gallery.,
November-13-2005-deviantart-iban-temple-desktop-tn3-1.deviantart.com.jpg,official game: published by Jagex,"RuneScape screenshot posted on DeviantArt, original title from the file name: runescape_iban__s_temple_by_honzee.jpg.",,,2005-11-13,20060220135313,http://tn3-1.deviantart.com:80/fs8/300W/i/2005/317/5/b/runescape_iban__s_temple_by_honzee.jpg,https://web.archive.org/web/20060220135313/http://tn3-1.deviantart.com:80/fs8/300W/i/2005/317/5/b/runescape_iban__s_temple_by_honzee.jpg,,26043,cb5e25c2a9cac7edb05a84a018fd460341f25de6,Classified as official game: published by Jagex: Desktop screenshot with Jagex's official 2005 Iban's Temple wallpaper (Copyright 2005 Jagex).,
November-13-2005-free-chardesign-runescape.com.jpg,official game: published by Jagex,RS2 client screenshot from a 2004-05 fansite page (www.runescape.com:80); found by the 2001-2005 fansite re-screen,,,2005-11-13,20051120035403,http://www.runescape.com:80/img/screenshots/shots/free_chardesign.jpg,https://web.archive.org/web/20051120035403/http://www.runescape.com:80/img/screenshots/shots/free_chardesign.jpg,,85462,9d2c020cbff0160315f09620105760a6e8824d7a,Classified as official game: published by Jagex: Official screenshot from the runescape.com screenshot gallery.,
November-13-2005-free-draynor-runescape.com.jpg,official game: published by Jagex,RS2 client screenshot from a 2004-05 fansite page (www.runescape.com:80); found by the 2001-2005 fansite re-screen,,,2005-11-13,20051120031927,http://www.runescape.com:80/img/screenshots/shots/free_draynor.jpg,https://web.archive.org/web/20051120031927/http://www.runescape.com:80/img/screenshots/shots/free_draynor.jpg,,75933,574f254d5aeab141de688dc7c6229523e51ac656,Classified as official game: published by Jagex: Official screenshot from the runescape.com screenshot gallery.,
November-30-2004-members-iceplateau3-runescape.com.jpg,official game: published by Jagex,RS2 client screenshot from a 2004-05 fansite page (www.runescape.com:80); found by the 2001-2005 fansite re-screen,,,2004-11-30,20041207051317,http://www.runescape.com:80/img/screenshots/thumbs/members_iceplateau3.jpg,https://web.archive.org/web/20041207051317/http://www.runescape.com:80/img/screenshots/thumbs/members_iceplateau3.jpg,,15483,e6a179e6dbe67060e1c82b15fe9d44a77e7b7853,Classified as official game: published by Jagex: Official screenshot from the runescape.com screenshot gallery.,
October-23-2004-free-karamjadock-runescape.com.jpg,official game: published by Jagex,RS2 client screenshot from a 2004-05 fansite page (www.runescape.com:80); found by the 2001-2005 fansite re-screen,,,2004-10-23,20041030015632,http://www.runescape.com:80/img/screenshots/shots/free_karamjadock.jpg,https://web.archive.org/web/20041030015632/http://www.runescape.com:80/img/screenshots/shots/free_karamjadock.jpg,,91066,0994b7eb1b0cbbf1d687e71cf4ff63e9c275be6a,Classified as official game: published by Jagex: Official screenshot from the runescape.com screenshot gallery.,
October-23-2004-free-newbieisland1-runescape.com.jpg,official game: published by Jagex,RS2 client screenshot from a 2004-05 fansite page (www.runescape.com:80); found by the 2001-2005 fansite re-screen,,,2004-10-23,20041030024808,http://www.runescape.com:80/img/screenshots/shots/free_newbieisland1.jpg,https://web.archive.org/web/20041030024808/http://www.runescape.com:80/img/screenshots/shots/free_newbieisland1.jpg,,80933,3655116449aebbb432e6f74c6ef4163b2b90de32,Classified as official game: published by Jagex: Official screenshot from the runescape.com screenshot gallery.,
October-23-2004-free-newbieisland10-runescape.com.jpg,official game: published by Jagex,RS2 client screenshot from a 2004-05 fansite page (www.runescape.com:80); found by the 2001-2005 fansite re-screen,,,2004-10-23,20041030025827,http://www.runescape.com:80/img/screenshots/shots/free_newbieisland10.jpg,https://web.archive.org/web/20041030025827/http://www.runescape.com:80/img/screenshots/shots/free_newbieisland10.jpg,,91646,dc38ea75a970273701044f32797caafec0e21419,Classified as official game: published by Jagex: Official screenshot from the runescape.com screenshot gallery.,
October-23-2004-free-newbieisland2-runescape.com.jpg,official game: published by Jagex,RS2 client screenshot from a 2004-05 fansite page (www.runescape.com:80); found by the 2001-2005 fansite re-screen,,,2004-10-23,20041030030447,http://www.runescape.com:80/img/screenshots/shots/free_newbieisland2.jpg,https://web.archive.org/web/20041030030447/http://www.runescape.com:80/img/screenshots/shots/free_newbieisland2.jpg,,79257,14a24e4e6993636651f12e871bad9758fdfb29c8,Classified as official game: published by Jagex: Official screenshot from the runescape.com screenshot gallery.,
October-27-2004-free-lumbridge-bridge-runescape.com.jpg,official game: published by Jagex,RS2 client screenshot from a 2004-05 fansite page (www.runescape.com:80); found by the 2001-2005 fansite re-screen,,,2004-10-27,20041103022357,http://www.runescape.com:80/img/screenshots/shots/free_lumbridge_bridge.jpg,https://web.archive.org/web/20041103022357/http://www.runescape.com:80/img/screenshots/shots/free_lumbridge_bridge.jpg,,100802,03c238982b9d4155d3d214c40709d2617d9202e3,Classified as official game: published by Jagex: Official screenshot from the runescape.com screenshot gallery.,
October-28-2004-free-varrockmarket4-runescape.com.jpg,official game: published by Jagex,RS2 client screenshot from a 2004-05 fansite page (www.runescape.com:80); found by the 2001-2005 fansite re-screen,,,2004-10-28,20041104015907,http://www.runescape.com:80/img/screenshots/shots/free_varrockmarket4.jpg,https://web.archive.org/web/20041104015907/http://www.runescape.com:80/img/screenshots/shots/free_varrockmarket4.jpg,,90580,6440043b86502e3d7455e9d92a80f64e1c00bd94,Classified as official game: published by Jagex: Official screenshot from the runescape.com screenshot gallery.,
October-28-2004-free-wilderness1-runescape.com.jpg,official game: published by Jagex,RS2 client screenshot from a 2004-05 fansite page (www.runescape.com:80); found by the 2001-2005 fansite re-screen,,,2004-10-28,20041104205350,http://www.runescape.com:80/img/screenshots/shots/free_wilderness1.jpg,https://web.archive.org/web/20041104205350/http://www.runescape.com:80/img/screenshots/shots/free_wilderness1.jpg,,73696,630227cd82f4f7da1c7ba5d4a35af3639dd5325d,Classified as official game: published by Jagex: Official screenshot from the runescape.com screenshot gallery.,
October-28-2004-free-wilderness6-runescape.com.jpg,official game: published by Jagex,RS2 client screenshot from a 2004-05 fansite page (www.runescape.com:80); found by the 2001-2005 fansite re-screen,,,2004-10-28,20041104210916,http://www.runescape.com:80/img/screenshots/shots/free_wilderness6.jpg,https://web.archive.org/web/20041104210916/http://www.runescape.com:80/img/screenshots/shots/free_wilderness6.jpg,,86101,8b6647ecb76d024c622b0fab938ed8603eeeabd8,Classified as official game: published by Jagex: Official screenshot from the runescape.com screenshot gallery.,
September-27-2005-firstto99farming-img320.imageshack.us.png,official game: published by Jagex,"Hiscores table capture. Posted in the forum thread ""Itt: We Discuss 0xp0's 99 Farming - Runescape Community"".",,,2005-09-27,20060111124112,http://img320.imageshack.us/img320/9586/firstto99farming3vf.png,https://web.archive.org/web/20060111124112/http://img320.imageshack.us/img320/9586/firstto99farming3vf.png,https://web.archive.org/web/20051030182512/http://www.runescapecommunity.com:80/index.php?showtopic=409143&amp;view=getnewpost,9866,89a1e23f9200881ee6da2362c9c809cf1086dbc7,,
September-29-2005-mysantahat-img343.imageshack.us.png,official game: published by Jagex,"RuneScape Classic world-select page on runescape.com. Posted in the forum thread ""My First Santa! - Runescape Community"".",,,2005-09-29,20051010043305,http://img343.imageshack.us/img343/9652/mysantahat5wq.png,https://web.archive.org/web/20051010043305/http://img343.imageshack.us/img343/9652/mysantahat5wq.png,https://web.archive.org/web/20051010043234/http://www.runescapecommunity.com/index.php?showtopic=409650,132315,c3438be6183bcf355e807ccb7d4b53fe76a968a0,,
